city,date,kind,thr,unit,observed,implied,mkt,outcome,side,pnl,gross,vol
Hong Kong,2026-07-01,LT,26.0,C,31.7,0.0011,0.0025,0.0,NO,-0.0175,0.0025,19631.582272000003
Hong Kong,2026-07-01,BUCKET,27.0,C,31.7,0.0056,0.003,0.0,YES,-0.023,-0.003,13411.879166
Hong Kong,2026-07-01,BUCKET,28.0,C,31.7,0.0231,0.0005,0.0,YES,-0.0205,-0.0005,10530.298272
Hong Kong,2026-07-01,BUCKET,29.0,C,31.7,0.0679,0.0055,0.0,YES,-0.0255,-0.0055,13025.777693000007
Hong Kong,2026-07-01,BUCKET,30.0,C,31.7,0.1423,0.007,0.0,YES,-0.027,-0.007,15362.262902000008
Hong Kong,2026-07-01,BUCKET,31.0,C,31.7,0.213,0.0395,0.0,YES,-0.0595,-0.0395,46385.032402000004
Hong Kong,2026-07-01,BUCKET,32.0,C,31.7,0.2279,0.355,0.0,NO,0.335,0.355,40829.51579999997
Hong Kong,2026-07-01,BUCKET,33.0,C,31.7,0.1741,0.515,1.0,NO,-0.505,-0.485,43736.54553800015
Hong Kong,2026-07-01,BUCKET,34.0,C,31.7,0.0951,0.095,0.0,YES,-0.115,-0.095,58752.61739300002
Hong Kong,2026-07-01,BUCKET,35.0,C,31.7,0.0371,0.011,0.0,YES,-0.031,-0.011,11306.185649999992
Hong Kong,2026-07-01,GT,36.0,C,31.7,0.0127,0.0015,0.0,YES,-0.0215,-0.0015,5547.264759000003
Atlanta,2026-07-01,LT,85.0,F,91.8,0.0198,0.0025,0.0,YES,-0.0225,-0.0025,994.6371439999999
Atlanta,2026-07-01,BUCKET,86.0,F,91.8,0.0219,0.0075,0.0,YES,-0.0275,-0.0075,2948.5652029999997
Atlanta,2026-07-01,BUCKET,88.0,F,91.8,0.0604,0.033,0.0,YES,-0.053,-0.033,3299.3277049999992
Atlanta,2026-07-01,BUCKET,90.0,F,91.8,0.1093,0.075,0.0,YES,-0.095,-0.075,8427.179099
Atlanta,2026-07-01,BUCKET,92.0,F,91.8,0.1295,0.265,0.0,NO,0.245,0.265,5649.769991999999
Atlanta,2026-07-01,BUCKET,94.0,F,91.8,0.1005,0.415,1.0,NO,-0.605,-0.585,8035.930933000006
Atlanta,2026-07-01,BUCKET,96.0,F,91.8,0.051,0.15,0.0,NO,0.13,0.15,7022.824000000003
Atlanta,2026-07-01,BUCKET,98.0,F,91.8,0.017,0.032,0.0,NO,0.012,0.032,3266.6039420000016
Atlanta,2026-07-01,BUCKET,100.0,F,91.8,0.0037,0.0105,0.0,NO,-0.0095,0.0105,3016.526707
Atlanta,2026-07-01,BUCKET,102.0,F,91.8,0.0005,0.006,0.0,NO,-0.014,0.006,3984.088364
Atlanta,2026-07-01,GT,104.0,F,91.8,0.0001,0.0065,0.0,NO,-0.0135,0.0065,2412.659886
Miami,2026-07-01,LT,83.0,F,89.5,0.025,0.0065,0.0,YES,-0.0265,-0.0065,3656.4413299999997
Miami,2026-07-01,BUCKET,84.0,F,89.5,0.0262,0.005,0.0,YES,-0.025,-0.005,1842.178913
Miami,2026-07-01,BUCKET,86.0,F,89.5,0.0679,0.012,0.0,YES,-0.032,-0.012,2259.94581
Miami,2026-07-01,BUCKET,88.0,F,89.5,0.1152,0.08,0.0,YES,-0.1,-0.08,8675.454246
Miami,2026-07-01,BUCKET,90.0,F,89.5,0.1281,0.455,0.0,NO,0.435,0.455,13896.462279
Miami,2026-07-01,BUCKET,92.0,F,89.5,0.0932,0.375,1.0,NO,-0.645,-0.625,13152.552360000012
Miami,2026-07-01,BUCKET,94.0,F,89.5,0.0444,0.0905,0.0,NO,0.0705,0.0905,8146.490139000001
Miami,2026-07-01,BUCKET,96.0,F,89.5,0.0139,0.013,0.0,YES,-0.033,-0.013,4623.341996000002
Miami,2026-07-01,BUCKET,98.0,F,89.5,0.0028,0.0035,0.0,NO,-0.0165,0.0035,3752.825030000002
Miami,2026-07-01,BUCKET,100.0,F,89.5,0.0004,0.0035,0.0,NO,-0.0165,0.0035,4394.872742
Miami,2026-07-01,GT,102.0,F,89.5,0.0,0.002,0.0,NO,-0.018,0.002,867.402
Kuala Lumpur,2026-07-01,LT,26.0,C,30.3,0.0127,0.0005,0.0,YES,-0.0205,-0.0005,14906.261467
Kuala Lumpur,2026-07-01,BUCKET,27.0,C,30.3,0.0371,0.0005,0.0,YES,-0.0205,-0.0005,10777.568500000001
Kuala Lumpur,2026-07-01,BUCKET,28.0,C,30.3,0.0951,0.001,0.0,YES,-0.021,-0.001,11288.552029
Kuala Lumpur,2026-07-01,BUCKET,29.0,C,30.3,0.1741,0.0005,0.0,YES,-0.0205,-0.0005,8143.023870000001
Kuala Lumpur,2026-07-01,BUCKET,30.0,C,30.3,0.2279,0.014,0.0,YES,-0.034,-0.014,21610.832344000006
Kuala Lumpur,2026-07-01,BUCKET,31.0,C,30.3,0.213,0.075,0.0,YES,-0.095,-0.075,13936.253992000004
Kuala Lumpur,2026-07-01,BUCKET,32.0,C,30.3,0.1423,0.29,0.0,NO,0.27,0.29,16917.96199700001
Kuala Lumpur,2026-07-01,BUCKET,33.0,C,30.3,0.0679,0.425,1.0,NO,-0.595,-0.575,8024.823020999997
Kuala Lumpur,2026-07-01,BUCKET,34.0,C,30.3,0.0231,0.195,0.0,NO,0.175,0.195,5832.817382999998
Kuala Lumpur,2026-07-01,BUCKET,35.0,C,30.3,0.0056,0.0005,0.0,YES,-0.0205,-0.0005,2812.364745
Kuala Lumpur,2026-07-01,GT,36.0,C,30.3,0.0011,0.0005,0.0,YES,-0.0205,-0.0005,2255.277933
Sao Paulo,2026-07-01,LT,21.0,C,26.2,0.0028,0.003,0.0,NO,-0.017,0.003,2512.2314490000003
Sao Paulo,2026-07-01,BUCKET,22.0,C,26.2,0.0119,0.0035,0.0,YES,-0.0235,-0.0035,3917.051374
Sao Paulo,2026-07-01,BUCKET,23.0,C,26.2,0.0414,0.0045,0.0,YES,-0.0245,-0.0045,1907.7348649999994
Sao Paulo,2026-07-01,BUCKET,24.0,C,26.2,0.1025,0.0085,0.0,YES,-0.0285,-0.0085,2935.398803
Sao Paulo,2026-07-01,BUCKET,25.0,C,26.2,0.1816,0.0445,0.0,YES,-0.0645,-0.0445,4968.882746999999
Sao Paulo,2026-07-01,BUCKET,26.0,C,26.2,0.2298,0.155,0.0,YES,-0.175,-0.155,12435.529019000003
Sao Paulo,2026-07-01,BUCKET,27.0,C,26.2,0.2077,0.385,1.0,NO,-0.635,-0.615,11866.503903000008
Sao Paulo,2026-07-01,BUCKET,28.0,C,26.2,0.1342,0.315,0.0,NO,0.295,0.315,6068.885489
Sao Paulo,2026-07-01,BUCKET,29.0,C,26.2,0.0619,0.095,0.0,NO,0.075,0.095,3906.8757990000004
Sao Paulo,2026-07-01,BUCKET,30.0,C,26.2,0.0204,0.0155,0.0,YES,-0.0355,-0.0155,3650.9534360000002
Sao Paulo,2026-07-01,GT,31.0,C,26.2,0.0057,0.0105,0.0,NO,-0.0095,0.0105,3290.826047
Busan,2026-07-01,LT,23.0,C,22.3,0.7599,0.5095,1.0,YES,0.4705,0.4905,12243.644073000005
Busan,2026-07-01,BUCKET,24.0,C,22.3,0.1423,0.315,0.0,NO,0.295,0.315,5390.528054999999
Busan,2026-07-01,BUCKET,25.0,C,22.3,0.0679,0.145,0.0,NO,0.125,0.145,9335.051222999997
Busan,2026-07-01,BUCKET,26.0,C,22.3,0.0231,0.0215,0.0,YES,-0.0415,-0.0215,7661.781156999999
Busan,2026-07-01,BUCKET,27.0,C,22.3,0.0056,0.005,0.0,YES,-0.025,-0.005,4685.297455
Busan,2026-07-01,BUCKET,28.0,C,22.3,0.001,0.006,0.0,NO,-0.014,0.006,3334.849653
Busan,2026-07-01,BUCKET,29.0,C,22.3,0.0001,0.0015,0.0,NO,-0.0185,0.0015,2524.4910069999987
Busan,2026-07-01,BUCKET,30.0,C,22.3,0.0,0.0015,0.0,NO,-0.0185,0.0015,1845.8904989999992
Busan,2026-07-01,BUCKET,31.0,C,22.3,0.0,0.0025,0.0,NO,-0.0175,0.0025,4704.584328999999
Busan,2026-07-01,BUCKET,32.0,C,22.3,0.0,0.002,0.0,NO,-0.018,0.002,3349.499521
Busan,2026-07-01,GT,33.0,C,22.3,0.0,0.0015,0.0,NO,-0.0185,0.0015,1657.2390750000002
NYC,2026-07-01,LT,85.0,F,96.4,0.0002,0.004,0.0,NO,-0.016,0.004,5778.681329
NYC,2026-07-01,BUCKET,86.0,F,96.4,0.0004,0.008,0.0,NO,-0.012,0.008,11918.092442999998
NYC,2026-07-01,BUCKET,88.0,F,96.4,0.0031,0.009,0.0,NO,-0.011,0.009,11556.872159999983
NYC,2026-07-01,BUCKET,90.0,F,96.4,0.0149,0.1455,0.0,NO,0.1255,0.1455,23743.123703000005
NYC,2026-07-01,BUCKET,92.0,F,96.4,0.0466,0.335,1.0,NO,-0.685,-0.665,24551.27845100003
NYC,2026-07-01,BUCKET,94.0,F,96.4,0.0957,0.355,0.0,NO,0.335,0.355,18046.860360999974
NYC,2026-07-01,BUCKET,96.0,F,96.4,0.1287,0.125,0.0,YES,-0.145,-0.125,12742.928261000006
NYC,2026-07-01,BUCKET,98.0,F,96.4,0.1133,0.03,0.0,YES,-0.05,-0.03,21508.084585000004
NYC,2026-07-01,BUCKET,100.0,F,96.4,0.0654,0.0135,0.0,YES,-0.0335,-0.0135,13922.610891999999
NYC,2026-07-01,BUCKET,102.0,F,96.4,0.0247,0.0075,0.0,YES,-0.0275,-0.0075,4751.9025900000015
NYC,2026-07-01,GT,104.0,F,96.4,0.0102,0.0035,0.0,YES,-0.0235,-0.0035,2383.6274309999994
Toronto,2026-07-01,LT,29.0,C,35.9,0.0001,0.002,0.0,NO,-0.018,0.002,2363.0845
Toronto,2026-07-01,BUCKET,30.0,C,35.9,0.0007,0.0055,0.0,NO,-0.0145,0.0055,2680.1144919999997
Toronto,2026-07-01,BUCKET,31.0,C,35.9,0.0041,0.004,0.0,YES,-0.024,-0.004,1207.346248
Toronto,2026-07-01,BUCKET,32.0,C,35.9,0.0179,0.0055,0.0,YES,-0.0255,-0.0055,1678.324897
Toronto,2026-07-01,BUCKET,33.0,C,35.9,0.0563,0.0175,0.0,YES,-0.0375,-0.0175,2398.1012670000005
Toronto,2026-07-01,BUCKET,34.0,C,35.9,0.1261,0.155,0.0,NO,0.135,0.155,3883.1182670000007
Toronto,2026-07-01,BUCKET,35.0,C,35.9,0.2019,0.335,0.0,NO,0.315,0.335,8498.874296999998
Toronto,2026-07-01,BUCKET,36.0,C,35.9,0.2309,0.325,1.0,NO,-0.695,-0.675,7076.278462
Toronto,2026-07-01,BUCKET,37.0,C,35.9,0.1888,0.145,0.0,YES,-0.165,-0.145,5186.996050000004
Toronto,2026-07-01,BUCKET,38.0,C,35.9,0.1102,0.038,0.0,YES,-0.058,-0.038,5819.523755000001
Toronto,2026-07-01,GT,39.0,C,35.9,0.0631,0.0065,0.0,YES,-0.0265,-0.0065,5015.202763999998
Panama City,2026-07-01,LT,27.0,C,33.0,0.0006,0.005,0.0,NO,-0.015,0.005,3132.876518000001
Panama City,2026-07-01,BUCKET,28.0,C,33.0,0.0035,0.008,0.0,NO,-0.012,0.008,1909.4388079999999
Panama City,2026-07-01,BUCKET,29.0,C,33.0,0.0157,0.009,0.0,YES,-0.029,-0.009,1750.735066
Panama City,2026-07-01,BUCKET,30.0,C,33.0,0.0509,0.0305,0.0,YES,-0.0505,-0.0305,2395.6173949999998
Panama City,2026-07-01,BUCKET,31.0,C,33.0,0.1181,0.13,0.0,NO,0.11,0.13,4130.84217
Panama City,2026-07-01,BUCKET,32.0,C,33.0,0.1955,0.245,0.0,NO,0.225,0.245,6313.4376170000005
Panama City,2026-07-01,BUCKET,33.0,C,33.0,0.2313,0.415,0.0,NO,0.395,0.415,14167.706507
Panama City,2026-07-01,BUCKET,34.0,C,33.0,0.1955,0.18,1.0,YES,0.8,0.82,5722.953890000001
Panama City,2026-07-01,BUCKET,35.0,C,33.0,0.1181,0.0315,0.0,YES,-0.0515,-0.0315,2423.71019
Panama City,2026-07-01,BUCKET,36.0,C,33.0,0.0509,0.006,0.0,YES,-0.026,-0.006,1638.9674369999998
Panama City,2026-07-01,GT,37.0,C,33.0,0.0198,0.004,0.0,YES,-0.024,-0.004,1964.6640499999999
Shanghai,2026-07-01,LT,21.0,C,26.3,0.0024,0.0035,0.0,NO,-0.0165,0.0035,30861.89217900001
Shanghai,2026-07-01,BUCKET,22.0,C,26.3,0.0103,0.0045,0.0,YES,-0.0245,-0.0045,22116.832064999995
Shanghai,2026-07-01,BUCKET,23.0,C,26.3,0.0371,0.0125,0.0,YES,-0.0325,-0.0125,34352.88882700001
Shanghai,2026-07-01,BUCKET,24.0,C,26.3,0.0951,0.0555,0.0,YES,-0.0755,-0.0555,59362.868875000015
Shanghai,2026-07-01,BUCKET,25.0,C,26.3,0.1741,0.24,0.0,NO,0.22,0.24,82652.001163
Shanghai,2026-07-01,BUCKET,26.0,C,26.3,0.2279,0.39,1.0,NO,-0.63,-0.61,63564.74940299999
Shanghai,2026-07-01,BUCKET,27.0,C,26.3,0.213,0.235,0.0,NO,0.215,0.235,28193.859763000044
Shanghai,2026-07-01,BUCKET,28.0,C,26.3,0.1423,0.1,0.0,YES,-0.12,-0.1,21620.48404000001
Shanghai,2026-07-01,BUCKET,29.0,C,26.3,0.0679,0.0215,0.0,YES,-0.0415,-0.0215,17941.338151999982
Shanghai,2026-07-01,BUCKET,30.0,C,26.3,0.0231,0.0075,0.0,YES,-0.0275,-0.0075,8733.299819999997
Shanghai,2026-07-01,GT,31.0,C,26.3,0.0067,0.0045,0.0,YES,-0.0245,-0.0045,6637.860602999996
San Francisco,2026-07-01,LT,57.0,F,64.0,0.0168,0.0045,0.0,YES,-0.0245,-0.0045,3900.2469729999993
San Francisco,2026-07-01,BUCKET,58.0,F,64.0,0.0193,0.0075,0.0,YES,-0.0275,-0.0075,2546.369692
San Francisco,2026-07-01,BUCKET,60.0,F,64.0,0.0557,0.015,0.0,YES,-0.035,-0.015,2573.41164
San Francisco,2026-07-01,BUCKET,62.0,F,64.0,0.105,0.0305,0.0,YES,-0.0505,-0.0305,2974.9647249999994
San Francisco,2026-07-01,BUCKET,64.0,F,64.0,0.1298,0.105,0.0,YES,-0.125,-0.105,7426.318324000002
San Francisco,2026-07-01,BUCKET,66.0,F,64.0,0.105,0.29,0.0,NO,0.27,0.29,9205.362036000004
San Francisco,2026-07-01,BUCKET,68.0,F,64.0,0.0557,0.325,0.0,NO,0.305,0.325,23343.642679999983
San Francisco,2026-07-01,BUCKET,70.0,F,64.0,0.0193,0.14,1.0,NO,-0.88,-0.86,10966.85267099999
San Francisco,2026-07-01,BUCKET,72.0,F,64.0,0.0044,0.0655,0.0,NO,0.0455,0.0655,8372.611258
San Francisco,2026-07-01,BUCKET,74.0,F,64.0,0.0007,0.0185,0.0,NO,-0.0015,0.0185,5104.536737000001
San Francisco,2026-07-01,GT,76.0,F,64.0,0.0001,0.0025,0.0,NO,-0.0175,0.0025,2225.8237209999998
NYC,2026-07-01,LT,63.0,F,96.4,0.0,0.004,0.0,NO,-0.016,0.004,967.9560190000001
NYC,2026-07-01,BUCKET,64.0,F,96.4,0.0,0.0045,0.0,NO,-0.0155,0.0045,9295.78738199998
NYC,2026-07-01,BUCKET,66.0,F,96.4,0.0,0.0025,0.0,NO,-0.0175,0.0025,5445.3917889999975
NYC,2026-07-01,BUCKET,68.0,F,96.4,0.0,0.0065,0.0,NO,-0.0135,0.0065,2261.5412690000003
NYC,2026-07-01,BUCKET,70.0,F,96.4,0.0,0.037,0.0,NO,0.017,0.037,2178.1383709999996
NYC,2026-07-01,BUCKET,72.0,F,96.4,0.0,0.085,0.0,NO,0.065,0.085,5045.078294999999
NYC,2026-07-01,BUCKET,74.0,F,96.4,0.0,0.36,0.0,NO,0.34,0.36,7436.457333000002
NYC,2026-07-01,BUCKET,76.0,F,96.4,0.0,0.28,1.0,NO,-0.74,-0.72,13420.072394999996
NYC,2026-07-01,BUCKET,78.0,F,96.4,0.0,0.105,0.0,NO,0.085,0.105,6051.975915
NYC,2026-07-01,BUCKET,80.0,F,96.4,0.0,0.0255,0.0,NO,0.0055,0.0255,5240.770684000002
NYC,2026-07-01,GT,82.0,F,96.4,1.0,0.012,0.0,YES,-0.032,-0.012,2851.3846030000004
Beijing,2026-07-01,LT,27.0,C,31.1,0.0171,0.0085,0.0,YES,-0.0285,-0.0085,10425.816423999999
Beijing,2026-07-01,BUCKET,28.0,C,31.1,0.046,0.025,0.0,YES,-0.045,-0.025,20980.83882400001
Beijing,2026-07-01,BUCKET,29.0,C,31.1,0.1102,0.09,0.0,YES,-0.11,-0.09,19077.939595000018
Beijing,2026-07-01,BUCKET,30.0,C,31.1,0.1888,0.25,0.0,NO,0.23,0.25,10692.035822999997
Beijing,2026-07-01,BUCKET,31.0,C,31.1,0.2309,0.37,1.0,NO,-0.65,-0.63,14576.109653000003
Beijing,2026-07-01,BUCKET,32.0,C,31.1,0.2019,0.235,0.0,NO,0.215,0.235,10016.139746000004
Beijing,2026-07-01,BUCKET,33.0,C,31.1,0.1261,0.0795,0.0,YES,-0.0995,-0.0795,5030.424659999997
Beijing,2026-07-01,BUCKET,34.0,C,31.1,0.0563,0.014,0.0,YES,-0.034,-0.014,4880.764806999999
Beijing,2026-07-01,BUCKET,35.0,C,31.1,0.0179,0.0065,0.0,YES,-0.0265,-0.0065,4528.190048999998
Beijing,2026-07-01,BUCKET,36.0,C,31.1,0.0041,0.002,0.0,YES,-0.022,-0.002,5482.190922000003
Beijing,2026-07-01,GT,37.0,C,31.1,0.0007,0.0015,0.0,NO,-0.0185,0.0015,4715.615560000003
Wuhan,2026-07-01,LT,24.0,C,30.7,0.0001,0.005,0.0,NO,-0.015,0.005,19567.125524000003
Wuhan,2026-07-01,BUCKET,25.0,C,30.7,0.001,0.0055,0.0,NO,-0.0145,0.0055,9470.636711999996
Wuhan,2026-07-01,BUCKET,26.0,C,30.7,0.0056,0.007,0.0,NO,-0.013,0.007,6653.1512680000005
Wuhan,2026-07-01,BUCKET,27.0,C,30.7,0.0231,0.0205,0.0,YES,-0.0405,-0.0205,12132.602488000004
Wuhan,2026-07-01,BUCKET,28.0,C,30.7,0.0679,0.115,0.0,NO,0.095,0.115,6836.521542999998
Wuhan,2026-07-01,BUCKET,29.0,C,30.7,0.1423,0.235,0.0,NO,0.215,0.235,5817.155511999999
Wuhan,2026-07-01,BUCKET,30.0,C,30.7,0.213,0.335,0.0,NO,0.315,0.335,7496.222279000008
Wuhan,2026-07-01,BUCKET,31.0,C,30.7,0.2279,0.206,1.0,YES,0.774,0.794,15114.982682000002
Wuhan,2026-07-01,BUCKET,32.0,C,30.7,0.1741,0.0975,0.0,YES,-0.1175,-0.0975,6768.884757999998
Wuhan,2026-07-01,BUCKET,33.0,C,30.7,0.0951,0.009,0.0,YES,-0.029,-0.009,5910.520469999999
Wuhan,2026-07-01,GT,34.0,C,30.7,0.0498,0.0055,0.0,YES,-0.0255,-0.0055,10437.006439000003
Chongqing,2026-07-01,LT,20.0,C,29.9,0.0,0.0015,0.0,NO,-0.0185,0.0015,12857.257156999996
Chongqing,2026-07-01,BUCKET,21.0,C,29.9,0.0,0.0015,0.0,NO,-0.0185,0.0015,14640.250778000001
Chongqing,2026-07-01,BUCKET,22.0,C,29.9,0.0,0.0035,0.0,NO,-0.0165,0.0035,5159.999120999998
Chongqing,2026-07-01,BUCKET,23.0,C,29.9,0.0001,0.0065,0.0,NO,-0.0135,0.0065,7173.165132
Chongqing,2026-07-01,BUCKET,24.0,C,29.9,0.0007,0.0075,0.0,NO,-0.0125,0.0075,5084.838140000001
Chongqing,2026-07-01,BUCKET,25.0,C,29.9,0.0041,0.0205,0.0,NO,0.0005,0.0205,23909.854204
Chongqing,2026-07-01,BUCKET,26.0,C,29.9,0.0179,0.0845,0.0,NO,0.0645,0.0845,8176.926021000001
Chongqing,2026-07-01,BUCKET,27.0,C,29.9,0.0563,0.23,0.0,NO,0.21,0.23,18613.007258
Chongqing,2026-07-01,BUCKET,28.0,C,29.9,0.1261,0.295,0.0,NO,0.275,0.295,9251.192693
Chongqing,2026-07-01,BUCKET,29.0,C,29.9,0.2019,0.245,0.0,NO,0.225,0.245,38593.436059
Chongqing,2026-07-01,GT,30.0,C,29.9,0.593,0.165,1.0,YES,0.815,0.835,28942.172577999987
Seattle,2026-07-01,LT,59.0,F,66.6,0.0102,0.0075,0.0,YES,-0.0275,-0.0075,1746.7626769999995
Seattle,2026-07-01,BUCKET,60.0,F,66.6,0.0129,0.0275,0.0,NO,0.0075,0.0275,2198.3501010000155
Seattle,2026-07-01,BUCKET,62.0,F,66.6,0.0424,0.075,1.0,NO,-0.945,-0.925,8465.303118999998
Seattle,2026-07-01,BUCKET,64.0,F,66.6,0.0908,0.245,0.0,NO,0.225,0.245,5466.300609999997
Seattle,2026-07-01,BUCKET,66.0,F,66.6,0.1273,0.41,0.0,NO,0.39,0.41,13037.753806000004
Seattle,2026-07-01,BUCKET,68.0,F,66.6,0.117,0.195,0.0,NO,0.175,0.195,4275.611266999999
Seattle,2026-07-01,BUCKET,70.0,F,66.6,0.0704,0.043,0.0,YES,-0.063,-0.043,4203.846017999999
Seattle,2026-07-01,BUCKET,72.0,F,66.6,0.0277,0.0125,0.0,YES,-0.0325,-0.0125,3925.656833000001
Seattle,2026-07-01,BUCKET,74.0,F,66.6,0.0072,0.0075,0.0,NO,-0.0125,0.0075,4100.035372
Seattle,2026-07-01,BUCKET,76.0,F,66.6,0.0012,0.0045,0.0,NO,-0.0155,0.0045,4015.707543
Seattle,2026-07-01,GT,78.0,F,66.6,0.0002,0.003,0.0,NO,-0.017,0.003,3465.582525
Atlanta,2026-07-01,LT,85.0,F,91.8,0.0198,0.0025,0.0,YES,-0.0225,-0.0025,994.6371439999999
Atlanta,2026-07-01,BUCKET,86.0,F,91.8,0.0219,0.0075,0.0,YES,-0.0275,-0.0075,2948.5652029999997
Atlanta,2026-07-01,BUCKET,88.0,F,91.8,0.0604,0.033,0.0,YES,-0.053,-0.033,3299.3277049999992
Atlanta,2026-07-01,BUCKET,90.0,F,91.8,0.1093,0.075,0.0,YES,-0.095,-0.075,8427.179099
Atlanta,2026-07-01,BUCKET,92.0,F,91.8,0.1295,0.265,0.0,NO,0.245,0.265,5649.769991999999
Atlanta,2026-07-01,BUCKET,94.0,F,91.8,0.1005,0.415,1.0,NO,-0.605,-0.585,8035.930933000006
Atlanta,2026-07-01,BUCKET,96.0,F,91.8,0.051,0.15,0.0,NO,0.13,0.15,7022.824000000003
Atlanta,2026-07-01,BUCKET,98.0,F,91.8,0.017,0.032,0.0,NO,0.012,0.032,3266.6039420000016
Atlanta,2026-07-01,BUCKET,100.0,F,91.8,0.0037,0.0105,0.0,NO,-0.0095,0.0105,3016.526707
Atlanta,2026-07-01,BUCKET,102.0,F,91.8,0.0005,0.006,0.0,NO,-0.014,0.006,3984.088364
Atlanta,2026-07-01,GT,104.0,F,91.8,0.0001,0.0065,0.0,NO,-0.0135,0.0065,2412.659886
Shanghai,2026-07-01,LT,21.0,C,26.3,0.0024,0.0035,0.0,NO,-0.0165,0.0035,30861.89217900001
Shanghai,2026-07-01,BUCKET,22.0,C,26.3,0.0103,0.0045,0.0,YES,-0.0245,-0.0045,22116.832064999995
Shanghai,2026-07-01,BUCKET,23.0,C,26.3,0.0371,0.0125,0.0,YES,-0.0325,-0.0125,34352.88882700001
Shanghai,2026-07-01,BUCKET,24.0,C,26.3,0.0951,0.0555,0.0,YES,-0.0755,-0.0555,59362.868875000015
Shanghai,2026-07-01,BUCKET,25.0,C,26.3,0.1741,0.24,0.0,NO,0.22,0.24,82652.001163
Shanghai,2026-07-01,BUCKET,26.0,C,26.3,0.2279,0.39,1.0,NO,-0.63,-0.61,63564.74940299999
Shanghai,2026-07-01,BUCKET,27.0,C,26.3,0.213,0.235,0.0,NO,0.215,0.235,28193.859763000044
Shanghai,2026-07-01,BUCKET,28.0,C,26.3,0.1423,0.1,0.0,YES,-0.12,-0.1,21620.48404000001
Shanghai,2026-07-01,BUCKET,29.0,C,26.3,0.0679,0.0215,0.0,YES,-0.0415,-0.0215,17941.338151999982
Shanghai,2026-07-01,BUCKET,30.0,C,26.3,0.0231,0.0075,0.0,YES,-0.0275,-0.0075,8733.299819999997
Shanghai,2026-07-01,GT,31.0,C,26.3,0.0067,0.0045,0.0,YES,-0.0245,-0.0045,6637.860602999996
Miami,2026-07-01,LT,83.0,F,89.5,0.025,0.0065,0.0,YES,-0.0265,-0.0065,3656.4413299999997
Miami,2026-07-01,BUCKET,84.0,F,89.5,0.0262,0.005,0.0,YES,-0.025,-0.005,1842.178913
Miami,2026-07-01,BUCKET,86.0,F,89.5,0.0679,0.012,0.0,YES,-0.032,-0.012,2259.94581
Miami,2026-07-01,BUCKET,88.0,F,89.5,0.1152,0.08,0.0,YES,-0.1,-0.08,8675.454246
Miami,2026-07-01,BUCKET,90.0,F,89.5,0.1281,0.455,0.0,NO,0.435,0.455,13896.462279
Miami,2026-07-01,BUCKET,92.0,F,89.5,0.0932,0.375,1.0,NO,-0.645,-0.625,13152.552360000012
Miami,2026-07-01,BUCKET,94.0,F,89.5,0.0444,0.0905,0.0,NO,0.0705,0.0905,8146.490139000001
Miami,2026-07-01,BUCKET,96.0,F,89.5,0.0139,0.013,0.0,YES,-0.033,-0.013,4623.341996000002
Miami,2026-07-01,BUCKET,98.0,F,89.5,0.0028,0.0035,0.0,NO,-0.0165,0.0035,3752.825030000002
Miami,2026-07-01,BUCKET,100.0,F,89.5,0.0004,0.0035,0.0,NO,-0.0165,0.0035,4394.872742
Miami,2026-07-01,GT,102.0,F,89.5,0.0,0.002,0.0,NO,-0.018,0.002,867.402
London,2026-07-01,LT,21.0,C,25.3,0.0127,0.003,0.0,YES,-0.023,-0.003,2785.3963400000007
London,2026-07-01,BUCKET,22.0,C,25.3,0.0371,0.004,0.0,YES,-0.024,-0.004,5592.999884000001
London,2026-07-01,BUCKET,23.0,C,25.3,0.0951,0.0175,0.0,YES,-0.0375,-0.0175,14637.960972
London,2026-07-01,BUCKET,24.0,C,25.3,0.1741,0.155,0.0,YES,-0.175,-0.155,23545.65575600001
London,2026-07-01,BUCKET,25.0,C,25.3,0.2279,0.36,0.0,NO,0.34,0.36,22319.881501999993
London,2026-07-01,BUCKET,26.0,C,25.3,0.213,0.335,1.0,NO,-0.685,-0.665,29535.620586999987
London,2026-07-01,BUCKET,27.0,C,25.3,0.1423,0.14,0.0,YES,-0.16,-0.14,19194.72784100001
London,2026-07-01,BUCKET,28.0,C,25.3,0.0679,0.022,0.0,YES,-0.042,-0.022,10907.535732000002
London,2026-07-01,BUCKET,29.0,C,25.3,0.0231,0.003,0.0,YES,-0.023,-0.003,4026.7784730000003
London,2026-07-01,BUCKET,30.0,C,25.3,0.0056,0.0015,0.0,YES,-0.0215,-0.0015,2428.475224
London,2026-07-01,GT,31.0,C,25.3,0.0011,0.002,0.0,NO,-0.018,0.002,3526.3786170000003
Dallas,2026-07-01,LT,91.0,F,97.5,0.025,0.0085,0.0,YES,-0.0285,-0.0085,1371.5448259999998
Dallas,2026-07-01,BUCKET,92.0,F,97.5,0.0262,0.0465,0.0,NO,0.0265,0.0465,39032.114367999995
Dallas,2026-07-01,BUCKET,94.0,F,97.5,0.0679,0.31,1.0,NO,-0.71,-0.69,17792.856515000014
Dallas,2026-07-01,BUCKET,96.0,F,97.5,0.1152,0.405,0.0,NO,0.385,0.405,16033.910763000003
Dallas,2026-07-01,BUCKET,98.0,F,97.5,0.1281,0.14,0.0,NO,0.12,0.14,7863.962440000001
Dallas,2026-07-01,BUCKET,100.0,F,97.5,0.0932,0.045,0.0,YES,-0.065,-0.045,7806.657621000001
Dallas,2026-07-01,BUCKET,102.0,F,97.5,0.0444,0.026,0.0,YES,-0.046,-0.026,4281.255607000001
Dallas,2026-07-01,BUCKET,104.0,F,97.5,0.0139,0.0065,0.0,YES,-0.0265,-0.0065,5238.476116999998
Dallas,2026-07-01,BUCKET,106.0,F,97.5,0.0028,0.003,0.0,NO,-0.017,0.003,1043.2727710000001
Dallas,2026-07-01,BUCKET,108.0,F,97.5,0.0004,0.003,0.0,NO,-0.017,0.003,4196.3956039999985
Dallas,2026-07-01,GT,110.0,F,97.5,0.0,0.0005,0.0,NO,-0.0195,0.0005,1322.9175
Moscow,2026-07-01,LT,22.0,C,29.0,0.0001,0.0005,0.0,NO,-0.0195,0.0005,2076.7079999999996
Moscow,2026-07-01,BUCKET,23.0,C,29.0,0.0005,0.0015,0.0,NO,-0.0185,0.0015,4263.273547999999
Moscow,2026-07-01,BUCKET,24.0,C,29.0,0.0035,0.003,0.0,YES,-0.023,-0.003,3331.3497560000005
Moscow,2026-07-01,BUCKET,25.0,C,29.0,0.0157,0.0095,0.0,YES,-0.0295,-0.0095,2768.014344
Moscow,2026-07-01,BUCKET,26.0,C,29.0,0.0509,0.065,0.0,NO,0.045,0.065,4567.791913999999
Moscow,2026-07-01,BUCKET,27.0,C,29.0,0.1181,0.185,0.0,NO,0.165,0.185,14636.118203000007
Moscow,2026-07-01,BUCKET,28.0,C,29.0,0.1955,0.305,0.0,NO,0.285,0.305,25008.86099700001
Moscow,2026-07-01,BUCKET,29.0,C,29.0,0.2313,0.285,1.0,NO,-0.735,-0.715,16949.776460000016
Moscow,2026-07-01,BUCKET,30.0,C,29.0,0.1955,0.075,0.0,YES,-0.095,-0.075,15398.171515
Moscow,2026-07-01,BUCKET,31.0,C,29.0,0.1181,0.044,0.0,YES,-0.064,-0.044,11178.47647300001
Moscow,2026-07-01,GT,32.0,C,29.0,0.0707,0.0055,0.0,YES,-0.0255,-0.0055,8565.522687999997
San Francisco,2026-07-01,LT,57.0,F,64.0,0.0168,0.0045,0.0,YES,-0.0245,-0.0045,3900.2469729999993
San Francisco,2026-07-01,BUCKET,58.0,F,64.0,0.0193,0.0075,0.0,YES,-0.0275,-0.0075,2546.369692
San Francisco,2026-07-01,BUCKET,60.0,F,64.0,0.0557,0.015,0.0,YES,-0.035,-0.015,2573.41164
San Francisco,2026-07-01,BUCKET,62.0,F,64.0,0.105,0.0305,0.0,YES,-0.0505,-0.0305,2974.9647249999994
San Francisco,2026-07-01,BUCKET,64.0,F,64.0,0.1298,0.105,0.0,YES,-0.125,-0.105,7426.318324000002
San Francisco,2026-07-01,BUCKET,66.0,F,64.0,0.105,0.29,0.0,NO,0.27,0.29,9205.362036000004
San Francisco,2026-07-01,BUCKET,68.0,F,64.0,0.0557,0.325,0.0,NO,0.305,0.325,23343.642679999983
San Francisco,2026-07-01,BUCKET,70.0,F,64.0,0.0193,0.14,1.0,NO,-0.88,-0.86,10966.85267099999
San Francisco,2026-07-01,BUCKET,72.0,F,64.0,0.0044,0.0655,0.0,NO,0.0455,0.0655,8372.611258
San Francisco,2026-07-01,BUCKET,74.0,F,64.0,0.0007,0.0185,0.0,NO,-0.0015,0.0185,5104.536737000001
San Francisco,2026-07-01,GT,76.0,F,64.0,0.0001,0.0025,0.0,NO,-0.0175,0.0025,2225.8237209999998
Houston,2026-07-01,LT,83.0,F,95.1,0.0001,0.0025,0.0,NO,-0.0175,0.0025,3845.0899999999997
Houston,2026-07-01,BUCKET,84.0,F,95.1,0.0002,0.002,0.0,NO,-0.018,0.002,2529.125333
Houston,2026-07-01,BUCKET,86.0,F,95.1,0.0016,0.007,0.0,NO,-0.013,0.007,4722.319143
Houston,2026-07-01,BUCKET,88.0,F,95.1,0.009,0.0055,0.0,YES,-0.0255,-0.0055,2566.3887399999985
Houston,2026-07-01,BUCKET,90.0,F,95.1,0.0328,0.0445,0.0,NO,0.0245,0.0445,5584.563772
Houston,2026-07-01,BUCKET,92.0,F,95.1,0.078,0.335,0.0,NO,0.315,0.335,6135.835687000001
Houston,2026-07-01,BUCKET,94.0,F,95.1,0.1217,0.555,1.0,NO,-0.465,-0.445,19034.814398999988
Houston,2026-07-01,BUCKET,96.0,F,95.1,0.1243,0.065,0.0,YES,-0.085,-0.065,6624.858845000004
Houston,2026-07-01,BUCKET,98.0,F,95.1,0.0832,0.013,0.0,YES,-0.033,-0.013,5014.784283000004
Houston,2026-07-01,BUCKET,100.0,F,95.1,0.0364,0.002,0.0,YES,-0.022,-0.002,2381.9531999999995
Houston,2026-07-01,GT,102.0,F,95.1,0.0182,0.0015,0.0,YES,-0.0215,-0.0015,1233.0890049999996
Seoul,2026-07-01,LT,17.0,C,32.3,0.0,0.002,0.0,NO,-0.018,0.002,918.1099999999998
Seoul,2026-07-01,BUCKET,18.0,C,32.3,0.0,0.003,0.0,NO,-0.017,0.003,952.29
Seoul,2026-07-01,BUCKET,19.0,C,32.3,0.0,0.008,0.0,NO,-0.012,0.008,717.7049999999999
Seoul,2026-07-01,BUCKET,20.0,C,32.3,0.0,0.03,0.0,NO,0.01,0.03,929.0368139999999
Seoul,2026-07-01,BUCKET,21.0,C,32.3,0.0,0.48,0.0,NO,0.46,0.48,3743.120690999999
Seoul,2026-07-01,BUCKET,22.0,C,32.3,0.0,0.395,1.0,NO,-0.625,-0.605,5895.424987000001
Seoul,2026-07-01,BUCKET,23.0,C,32.3,0.0,0.025,0.0,NO,0.005,0.025,2846.760588
Seoul,2026-07-01,BUCKET,24.0,C,32.3,0.0,0.0065,0.0,NO,-0.0135,0.0065,974.6535500000001
Seoul,2026-07-01,BUCKET,25.0,C,32.3,0.0,0.005,0.0,NO,-0.015,0.005,978.3901659999999
Seoul,2026-07-01,BUCKET,26.0,C,32.3,0.0003,0.002,0.0,NO,-0.018,0.002,3698.4859999999994
Seoul,2026-07-01,GT,27.0,C,32.3,0.9997,0.002,0.0,YES,-0.022,-0.002,1995.3257219999998
Helsinki,2026-07-01,LT,19.0,C,22.5,0.0388,0.005,0.0,YES,-0.025,-0.005,10873.634579
Helsinki,2026-07-01,BUCKET,20.0,C,22.5,0.0809,0.008,0.0,YES,-0.028,-0.008,3579.553504
Helsinki,2026-07-01,BUCKET,21.0,C,22.5,0.1585,0.014,0.0,YES,-0.034,-0.014,24320.52985
Helsinki,2026-07-01,BUCKET,22.0,C,22.5,0.2218,0.055,0.0,YES,-0.075,-0.055,21706.042481000008
Helsinki,2026-07-01,BUCKET,23.0,C,22.5,0.2218,0.205,0.0,YES,-0.225,-0.205,5211.596419000001
Helsinki,2026-07-01,BUCKET,24.0,C,22.5,0.1585,0.395,1.0,NO,-0.625,-0.605,14749.795364999996
Helsinki,2026-07-01,BUCKET,25.0,C,22.5,0.0809,0.24,0.0,NO,0.22,0.24,6047.4147950000015
Helsinki,2026-07-01,BUCKET,26.0,C,22.5,0.0295,0.07,0.0,NO,0.05,0.07,4988.391160000004
Helsinki,2026-07-01,BUCKET,27.0,C,22.5,0.0077,0.0215,0.0,NO,0.0015,0.0215,3331.2941889999993
Helsinki,2026-07-01,BUCKET,28.0,C,22.5,0.0014,0.005,0.0,NO,-0.015,0.005,3257.5613570000005
Helsinki,2026-07-01,GT,29.0,C,22.5,0.0002,0.004,0.0,NO,-0.016,0.004,6826.772593
Cape Town,2026-07-01,LT,10.0,C,14.8,0.0057,0.0015,0.0,YES,-0.0215,-0.0015,3797.056
Cape Town,2026-07-01,BUCKET,11.0,C,14.8,0.0204,0.0035,0.0,YES,-0.0235,-0.0035,2799.4490000000005
Cape Town,2026-07-01,BUCKET,12.0,C,14.8,0.0619,0.0055,0.0,YES,-0.0255,-0.0055,4339.703177
Cape Town,2026-07-01,BUCKET,13.0,C,14.8,0.1342,0.0365,0.0,YES,-0.0565,-0.0365,11407.675095000028
Cape Town,2026-07-01,BUCKET,14.0,C,14.8,0.2077,0.1,0.0,YES,-0.12,-0.1,4510.409259999999
Cape Town,2026-07-01,BUCKET,15.0,C,14.8,0.2298,0.355,1.0,NO,-0.665,-0.645,13063.170667999988
Cape Town,2026-07-01,BUCKET,16.0,C,14.8,0.1816,0.345,0.0,NO,0.325,0.345,8945.430570000015
Cape Town,2026-07-01,BUCKET,17.0,C,14.8,0.1025,0.1,0.0,YES,-0.12,-0.1,4183.296940000002
Cape Town,2026-07-01,BUCKET,18.0,C,14.8,0.0414,0.0105,0.0,YES,-0.0305,-0.0105,2200.506598000001
Cape Town,2026-07-01,BUCKET,19.0,C,14.8,0.0119,0.006,0.0,YES,-0.026,-0.006,1049.7423999999996
Cape Town,2026-07-01,GT,20.0,C,14.8,0.0028,0.004,0.0,NO,-0.016,0.004,2280.1452070000005
Qingdao,2026-07-01,LT,21.0,C,26.1,0.0034,0.0045,0.0,NO,-0.0155,0.0045,27146.380768000006
Qingdao,2026-07-01,BUCKET,22.0,C,26.1,0.0137,0.004,0.0,YES,-0.024,-0.004,8380.560975
Qingdao,2026-07-01,BUCKET,23.0,C,26.1,0.046,0.0065,0.0,YES,-0.0265,-0.0065,15287.585329999996
Qingdao,2026-07-01,BUCKET,24.0,C,26.1,0.1102,0.006,0.0,YES,-0.026,-0.006,21507.77449100001
Qingdao,2026-07-01,BUCKET,25.0,C,26.1,0.1888,0.0425,0.0,YES,-0.0625,-0.0425,17788.964604999994
Qingdao,2026-07-01,BUCKET,26.0,C,26.1,0.2309,0.21,0.0,YES,-0.23,-0.21,9272.591687000004
Qingdao,2026-07-01,BUCKET,27.0,C,26.1,0.2019,0.265,0.0,NO,0.245,0.265,4889.8466009999975
Qingdao,2026-07-01,BUCKET,28.0,C,26.1,0.1261,0.255,0.0,NO,0.235,0.255,6583.520339000001
Qingdao,2026-07-01,BUCKET,29.0,C,26.1,0.0563,0.17,1.0,NO,-0.85,-0.83,8003.185054999998
Qingdao,2026-07-01,BUCKET,30.0,C,26.1,0.0179,0.075,0.0,NO,0.055,0.075,3702.1449159999984
Qingdao,2026-07-01,GT,31.0,C,26.1,0.0048,0.019,0.0,NO,-0.001,0.019,2121.159942
Shenzhen,2026-07-01,LT,27.0,C,32.6,0.0013,0.0015,0.0,NO,-0.0185,0.0015,6016.160321000002
Shenzhen,2026-07-01,BUCKET,28.0,C,32.6,0.0066,0.0015,0.0,YES,-0.0215,-0.0015,7947.798272
Shenzhen,2026-07-01,BUCKET,29.0,C,32.6,0.0262,0.0055,0.0,YES,-0.0255,-0.0055,5168.988122
Shenzhen,2026-07-01,BUCKET,30.0,C,32.6,0.0742,0.0085,0.0,YES,-0.0285,-0.0085,3440.204824000108
Shenzhen,2026-07-01,BUCKET,31.0,C,32.6,0.1504,0.0245,0.0,YES,-0.0445,-0.0245,8988.275925000002
Shenzhen,2026-07-01,BUCKET,32.0,C,32.6,0.2177,0.135,0.0,YES,-0.155,-0.135,13110.074304000003
Shenzhen,2026-07-01,BUCKET,33.0,C,32.6,0.2252,0.445,1.0,NO,-0.575,-0.555,12153.530256000004
Shenzhen,2026-07-01,BUCKET,34.0,C,32.6,0.1664,0.255,0.0,NO,0.235,0.255,15380.811590000012
Shenzhen,2026-07-01,BUCKET,35.0,C,32.6,0.0878,0.105,0.0,NO,0.085,0.105,12693.39372000001
Shenzhen,2026-07-01,BUCKET,36.0,C,32.6,0.0331,0.0365,0.0,NO,0.0165,0.0365,7022.986524
Shenzhen,2026-07-01,GT,37.0,C,32.6,0.0109,0.0065,0.0,YES,-0.0265,-0.0065,3819.710347
Chengdu,2026-07-01,LT,25.0,C,30.6,0.0013,0.0035,0.0,NO,-0.0165,0.0035,20693.470532999996
Chengdu,2026-07-01,BUCKET,26.0,C,30.6,0.0066,0.0025,0.0,YES,-0.0225,-0.0025,13354.838748
Chengdu,2026-07-01,BUCKET,27.0,C,30.6,0.0262,0.007,0.0,YES,-0.027,-0.007,7263.080602999999
Chengdu,2026-07-01,BUCKET,28.0,C,30.6,0.0742,0.0305,0.0,YES,-0.0505,-0.0305,10397.832631000001
Chengdu,2026-07-01,BUCKET,29.0,C,30.6,0.1504,0.065,0.0,YES,-0.085,-0.065,10554.139160000004
Chengdu,2026-07-01,BUCKET,30.0,C,30.6,0.2177,0.145,0.0,YES,-0.165,-0.145,16036.245231000004
Chengdu,2026-07-01,BUCKET,31.0,C,30.6,0.2252,0.265,0.0,NO,0.245,0.265,17880.645786999998
Chengdu,2026-07-01,BUCKET,32.0,C,30.6,0.1664,0.325,1.0,NO,-0.695,-0.675,17158.183623999994
Chengdu,2026-07-01,BUCKET,33.0,C,30.6,0.0878,0.165,0.0,NO,0.145,0.165,15325.51989099999
Chengdu,2026-07-01,BUCKET,34.0,C,30.6,0.0331,0.039,0.0,NO,0.019,0.039,7733.7978989999965
Chengdu,2026-07-01,GT,35.0,C,30.6,0.0109,0.011,0.0,NO,-0.009,0.011,12064.119792000003
Tokyo,2026-07-01,LT,17.0,C,28.1,0.0,0.0015,0.0,NO,-0.0185,0.0015,604.0999999999999
Tokyo,2026-07-01,BUCKET,18.0,C,28.1,0.0,0.0015,0.0,NO,-0.0185,0.0015,540.270014
Tokyo,2026-07-01,BUCKET,19.0,C,28.1,0.0,0.0065,0.0,NO,-0.0135,0.0065,755.3773369999999
Tokyo,2026-07-01,BUCKET,20.0,C,28.1,0.0,0.0435,0.0,NO,0.0235,0.0435,1580.4911269999998
Tokyo,2026-07-01,BUCKET,21.0,C,28.1,0.0,0.15,0.0,NO,0.13,0.15,1182.328014
Tokyo,2026-07-01,BUCKET,22.0,C,28.1,0.0004,0.565,0.0,NO,0.545,0.565,3007.9269490000006
Tokyo,2026-07-01,BUCKET,23.0,C,28.1,0.0029,0.235,1.0,NO,-0.785,-0.765,3519.093386
Tokyo,2026-07-01,BUCKET,24.0,C,28.1,0.0137,0.0845,0.0,NO,0.0645,0.0845,1996.3608319999998
Tokyo,2026-07-01,BUCKET,25.0,C,28.1,0.046,0.0045,0.0,YES,-0.0245,-0.0045,603.406
Tokyo,2026-07-01,BUCKET,26.0,C,28.1,0.1102,0.001,0.0,YES,-0.021,-0.001,434.59999999999997
Tokyo,2026-07-01,GT,27.0,C,28.1,0.8267,0.001,0.0,YES,-0.021,-0.001,842.585002
Madrid,2026-07-01,LT,34.0,C,37.2,0.0561,0.0065,0.0,YES,-0.0265,-0.0065,3496.567802999999
Madrid,2026-07-01,BUCKET,35.0,C,37.2,0.1025,0.037,0.0,YES,-0.057,-0.037,10289.581282000003
Madrid,2026-07-01,BUCKET,36.0,C,37.2,0.1816,0.145,0.0,YES,-0.165,-0.145,14769.391057999997
Madrid,2026-07-01,BUCKET,37.0,C,37.2,0.2298,0.415,0.0,NO,0.395,0.415,13216.238354000003
Madrid,2026-07-01,BUCKET,38.0,C,37.2,0.2077,0.355,1.0,NO,-0.665,-0.645,18249.276410999988
Madrid,2026-07-01,BUCKET,39.0,C,37.2,0.1342,0.095,0.0,YES,-0.115,-0.095,14733.427065
Madrid,2026-07-01,BUCKET,40.0,C,37.2,0.0619,0.007,0.0,YES,-0.027,-0.007,12387.285488999993
Madrid,2026-07-01,BUCKET,41.0,C,37.2,0.0204,0.0015,0.0,YES,-0.0215,-0.0015,6259.320727999999
Madrid,2026-07-01,BUCKET,42.0,C,37.2,0.0048,0.0015,0.0,YES,-0.0215,-0.0015,3278.0564399999994
Madrid,2026-07-01,BUCKET,43.0,C,37.2,0.0008,0.0015,0.0,NO,-0.0185,0.0015,11582.970777999999
Madrid,2026-07-01,GT,44.0,C,37.2,0.0001,0.0015,0.0,NO,-0.0185,0.0015,769.0098920000003
Buenos Aires,2026-07-01,LT,7.0,C,13.7,0.0001,0.0045,0.0,NO,-0.0155,0.0045,4456.39368
Buenos Aires,2026-07-01,BUCKET,8.0,C,13.7,0.001,0.0035,0.0,NO,-0.0165,0.0035,3467.277533000001
Buenos Aires,2026-07-01,BUCKET,9.0,C,13.7,0.0056,0.0075,0.0,NO,-0.0125,0.0075,3678.0514590000007
Buenos Aires,2026-07-01,BUCKET,10.0,C,13.7,0.0231,0.028,0.0,NO,0.008,0.028,4461.220711000001
Buenos Aires,2026-07-01,BUCKET,11.0,C,13.7,0.0679,0.06,0.0,YES,-0.08,-0.06,4292.659118000002
Buenos Aires,2026-07-01,BUCKET,12.0,C,13.7,0.1423,0.31,0.0,NO,0.29,0.31,5481.625135000003
Buenos Aires,2026-07-01,BUCKET,13.0,C,13.7,0.213,0.405,0.0,NO,0.385,0.405,6146.384387000005
Buenos Aires,2026-07-01,BUCKET,14.0,C,13.7,0.2279,0.185,0.0,YES,-0.205,-0.185,4637.161016
Buenos Aires,2026-07-01,BUCKET,15.0,C,13.7,0.1741,0.0265,1.0,YES,0.9535,0.9735,5234.853415999999
Buenos Aires,2026-07-01,BUCKET,16.0,C,13.7,0.0951,0.012,0.0,YES,-0.032,-0.012,6768.454529000001
Buenos Aires,2026-07-01,GT,17.0,C,13.7,0.0498,0.006,0.0,YES,-0.026,-0.006,5920.556616000002
Manila,2026-07-01,LT,26.0,C,32.0,0.0006,0.0055,0.0,NO,-0.0145,0.0055,14600.650959999999
Manila,2026-07-01,BUCKET,27.0,C,32.0,0.0035,0.0065,0.0,NO,-0.0135,0.0065,18535.573427
Manila,2026-07-01,BUCKET,28.0,C,32.0,0.0157,0.009,0.0,YES,-0.029,-0.009,19715.963703000012
Manila,2026-07-01,BUCKET,29.0,C,32.0,0.0509,0.0135,0.0,YES,-0.0335,-0.0135,17049.654672999997
Manila,2026-07-01,BUCKET,30.0,C,32.0,0.1181,0.065,0.0,YES,-0.085,-0.065,14084.415364
Manila,2026-07-01,BUCKET,31.0,C,32.0,0.1955,0.28,0.0,NO,0.26,0.28,15063.715134
Manila,2026-07-01,BUCKET,32.0,C,32.0,0.2313,0.43,0.0,NO,0.41,0.43,10072.366903
Manila,2026-07-01,BUCKET,33.0,C,32.0,0.1955,0.175,0.0,YES,-0.195,-0.175,10778.143558999998
Manila,2026-07-01,BUCKET,34.0,C,32.0,0.1181,0.031,1.0,YES,0.949,0.969,6492.512856
Manila,2026-07-01,BUCKET,35.0,C,32.0,0.0509,0.013,0.0,YES,-0.033,-0.013,4958.591577999999
Manila,2026-07-01,GT,36.0,C,32.0,0.0198,0.0065,0.0,YES,-0.0265,-0.0065,5127.621589999999
Lucknow,2026-07-01,LT,24.0,C,32.2,0.0,0.002,0.0,NO,-0.018,0.002,7086.425043999999
Lucknow,2026-07-01,BUCKET,25.0,C,32.2,0.0,0.003,0.0,NO,-0.017,0.003,5354.472125
Lucknow,2026-07-01,BUCKET,26.0,C,32.2,0.0004,0.003,0.0,NO,-0.017,0.003,1750.2399999999996
Lucknow,2026-07-01,BUCKET,27.0,C,32.2,0.0024,0.0045,0.0,NO,-0.0155,0.0045,2431.0210329999995
Lucknow,2026-07-01,BUCKET,28.0,C,32.2,0.0119,0.015,0.0,NO,-0.005,0.015,26260.845207
Lucknow,2026-07-01,BUCKET,29.0,C,32.2,0.0414,0.0535,0.0,NO,0.0335,0.0535,7783.794181999999
Lucknow,2026-07-01,BUCKET,30.0,C,32.2,0.1025,0.102,0.0,YES,-0.122,-0.102,14422.086988000008
Lucknow,2026-07-01,BUCKET,31.0,C,32.2,0.1816,0.185,0.0,NO,0.165,0.185,11422.963584000001
Lucknow,2026-07-01,BUCKET,32.0,C,32.2,0.2298,0.285,0.0,NO,0.265,0.285,14945.643278000003
Lucknow,2026-07-01,BUCKET,33.0,C,32.2,0.2077,0.245,1.0,NO,-0.775,-0.755,8477.506205000002
Lucknow,2026-07-01,GT,34.0,C,32.2,0.2222,0.185,0.0,YES,-0.205,-0.185,11443.403409000013
Mexico City,2026-07-01,LT,17.0,C,20.5,0.0388,0.0025,0.0,YES,-0.0225,-0.0025,728.5000000000006
Mexico City,2026-07-01,BUCKET,18.0,C,20.5,0.0809,0.005,0.0,YES,-0.025,-0.005,2753.6041239999986
Mexico City,2026-07-01,BUCKET,19.0,C,20.5,0.1585,0.0065,0.0,YES,-0.0265,-0.0065,4389.068260000001
Mexico City,2026-07-01,BUCKET,20.0,C,20.5,0.2218,0.0155,0.0,YES,-0.0355,-0.0155,9884.132181
Mexico City,2026-07-01,BUCKET,21.0,C,20.5,0.2218,0.0845,0.0,YES,-0.1045,-0.0845,4701.892217000002
Mexico City,2026-07-01,BUCKET,22.0,C,20.5,0.1585,0.21,0.0,NO,0.19,0.21,5921.776126000003
Mexico City,2026-07-01,BUCKET,23.0,C,20.5,0.0809,0.395,0.0,NO,0.375,0.395,5663.258767999997
Mexico City,2026-07-01,BUCKET,24.0,C,20.5,0.0295,0.255,1.0,NO,-0.765,-0.745,16210.685995000007
Mexico City,2026-07-01,BUCKET,25.0,C,20.5,0.0077,0.045,0.0,NO,0.025,0.045,11941.563947999994
Mexico City,2026-07-01,BUCKET,26.0,C,20.5,0.0014,0.013,0.0,NO,-0.007,0.013,4409.435023000001
Mexico City,2026-07-01,GT,27.0,C,20.5,0.0002,0.0055,0.0,NO,-0.0145,0.0055,3502.589455000001
Shanghai,2026-07-01,LT,18.0,C,26.3,0.0,0.003,0.0,NO,-0.017,0.003,1780.6924799999997
Shanghai,2026-07-01,BUCKET,19.0,C,26.3,0.0,0.003,0.0,NO,-0.017,0.003,844.340833
Shanghai,2026-07-01,BUCKET,20.0,C,26.3,0.0003,0.0045,0.0,NO,-0.0155,0.0045,2151.9808329999996
Shanghai,2026-07-01,BUCKET,21.0,C,26.3,0.0021,0.0325,0.0,NO,0.0125,0.0325,1513.0712300000005
Shanghai,2026-07-01,BUCKET,22.0,C,26.3,0.0103,0.106,0.0,NO,0.086,0.106,2785.4327489999996
Shanghai,2026-07-01,BUCKET,23.0,C,26.3,0.0371,0.415,1.0,NO,-0.605,-0.585,7972.6580890000005
Shanghai,2026-07-01,BUCKET,24.0,C,26.3,0.0951,0.375,0.0,NO,0.355,0.375,12100.434617000004
Shanghai,2026-07-01,BUCKET,25.0,C,26.3,0.1741,0.0615,0.0,YES,-0.0815,-0.0615,2448.364522
Shanghai,2026-07-01,BUCKET,26.0,C,26.3,0.2279,0.009,0.0,YES,-0.029,-0.009,2413.0599249999996
Shanghai,2026-07-01,BUCKET,27.0,C,26.3,0.213,0.006,0.0,YES,-0.026,-0.006,1117.3140500000002
Shanghai,2026-07-01,GT,28.0,C,26.3,0.2401,0.002,0.0,YES,-0.022,-0.002,1924.7987000000003
Paris,2026-07-01,LT,14.0,C,24.4,0.0,0.25,0.0,NO,0.23,0.25,2969.814133
Paris,2026-07-01,BUCKET,15.0,C,24.4,0.0,0.345,0.0,NO,0.325,0.345,3588.986183
Paris,2026-07-01,BUCKET,16.0,C,24.4,0.0,0.345,1.0,NO,-0.675,-0.655,7512.282636000003
Paris,2026-07-01,BUCKET,17.0,C,24.4,0.0,0.05,0.0,NO,0.03,0.05,2678.565221
Paris,2026-07-01,BUCKET,18.0,C,24.4,0.0002,0.02,0.0,NO,0.0,0.02,2761.808031
Paris,2026-07-01,BUCKET,19.0,C,24.4,0.0017,0.006,0.0,NO,-0.014,0.006,1720.8790000000001
Paris,2026-07-01,BUCKET,20.0,C,24.4,0.0089,0.0025,0.0,YES,-0.0225,-0.0025,1039.1865
Paris,2026-07-01,BUCKET,21.0,C,24.4,0.0331,0.0035,0.0,YES,-0.0235,-0.0035,936.584464
Paris,2026-07-01,BUCKET,22.0,C,24.4,0.0878,0.0035,0.0,YES,-0.0235,-0.0035,1041.423233
Paris,2026-07-01,BUCKET,23.0,C,24.4,0.1664,0.003,0.0,YES,-0.023,-0.003,851.430966
Paris,2026-07-01,GT,24.0,C,24.4,0.7017,0.0035,0.0,YES,-0.0235,-0.0035,1135.0198320000002
Seoul,2026-07-01,LT,23.0,C,32.3,0.0,0.0025,0.0,NO,-0.0175,0.0025,11436.310069000001
Seoul,2026-07-01,BUCKET,24.0,C,32.3,0.0,0.004,0.0,NO,-0.016,0.004,10494.13226
Seoul,2026-07-01,BUCKET,25.0,C,32.3,0.0,0.003,0.0,NO,-0.017,0.003,3096.3349370000005
Seoul,2026-07-01,BUCKET,26.0,C,32.3,0.0003,0.0125,0.0,NO,-0.0075,0.0125,13345.129174999893
Seoul,2026-07-01,BUCKET,27.0,C,32.3,0.0021,0.045,0.0,NO,0.025,0.045,26002.937081
Seoul,2026-07-01,BUCKET,28.0,C,32.3,0.0103,0.165,0.0,NO,0.145,0.165,14014.415560999996
Seoul,2026-07-01,BUCKET,29.0,C,32.3,0.0371,0.34,0.0,NO,0.32,0.34,18101.844565999992
Seoul,2026-07-01,BUCKET,30.0,C,32.3,0.0951,0.305,1.0,NO,-0.715,-0.695,41279.92959400004
Seoul,2026-07-01,BUCKET,31.0,C,32.3,0.1741,0.105,0.0,YES,-0.125,-0.105,32362.024796999984
Seoul,2026-07-01,BUCKET,32.0,C,32.3,0.2279,0.0305,0.0,YES,-0.0505,-0.0305,22100.99336499999
Seoul,2026-07-01,GT,33.0,C,32.3,0.4532,0.0075,0.0,YES,-0.0275,-0.0075,28029.725093000015
Kuala Lumpur,2026-07-01,LT,26.0,C,30.3,0.0127,0.0005,0.0,YES,-0.0205,-0.0005,14906.261467
Kuala Lumpur,2026-07-01,BUCKET,27.0,C,30.3,0.0371,0.0005,0.0,YES,-0.0205,-0.0005,10777.568500000001
Kuala Lumpur,2026-07-01,BUCKET,28.0,C,30.3,0.0951,0.001,0.0,YES,-0.021,-0.001,11288.552029
Kuala Lumpur,2026-07-01,BUCKET,29.0,C,30.3,0.1741,0.0005,0.0,YES,-0.0205,-0.0005,8143.023870000001
Kuala Lumpur,2026-07-01,BUCKET,30.0,C,30.3,0.2279,0.014,0.0,YES,-0.034,-0.014,21610.832344000006
Kuala Lumpur,2026-07-01,BUCKET,31.0,C,30.3,0.213,0.075,0.0,YES,-0.095,-0.075,13936.253992000004
Kuala Lumpur,2026-07-01,BUCKET,32.0,C,30.3,0.1423,0.29,0.0,NO,0.27,0.29,16917.96199700001
Kuala Lumpur,2026-07-01,BUCKET,33.0,C,30.3,0.0679,0.425,1.0,NO,-0.595,-0.575,8024.823020999997
Kuala Lumpur,2026-07-01,BUCKET,34.0,C,30.3,0.0231,0.195,0.0,NO,0.175,0.195,5832.817382999998
Kuala Lumpur,2026-07-01,BUCKET,35.0,C,30.3,0.0056,0.0005,0.0,YES,-0.0205,-0.0005,2812.364745
Kuala Lumpur,2026-07-01,GT,36.0,C,30.3,0.0011,0.0005,0.0,YES,-0.0205,-0.0005,2255.277933
NYC,2026-07-01,LT,63.0,F,96.4,0.0,0.004,0.0,NO,-0.016,0.004,967.9560190000001
NYC,2026-07-01,BUCKET,64.0,F,96.4,0.0,0.0045,0.0,NO,-0.0155,0.0045,9295.78738199998
NYC,2026-07-01,BUCKET,66.0,F,96.4,0.0,0.0025,0.0,NO,-0.0175,0.0025,5445.3917889999975
NYC,2026-07-01,BUCKET,68.0,F,96.4,0.0,0.0065,0.0,NO,-0.0135,0.0065,2261.5412690000003
NYC,2026-07-01,BUCKET,70.0,F,96.4,0.0,0.037,0.0,NO,0.017,0.037,2178.1383709999996
NYC,2026-07-01,BUCKET,72.0,F,96.4,0.0,0.085,0.0,NO,0.065,0.085,5045.078294999999
NYC,2026-07-01,BUCKET,74.0,F,96.4,0.0,0.36,0.0,NO,0.34,0.36,7436.457333000002
NYC,2026-07-01,BUCKET,76.0,F,96.4,0.0,0.28,1.0,NO,-0.74,-0.72,13420.072394999996
NYC,2026-07-01,BUCKET,78.0,F,96.4,0.0,0.105,0.0,NO,0.085,0.105,6051.975915
NYC,2026-07-01,BUCKET,80.0,F,96.4,0.0,0.0255,0.0,NO,0.0055,0.0255,5240.770684000002
NYC,2026-07-01,GT,82.0,F,96.4,1.0,0.012,0.0,YES,-0.032,-0.012,2851.3846030000004
Austin,2026-07-01,LT,87.0,F,94.3,0.0131,0.0035,0.0,YES,-0.0235,-0.0035,4554.548697
Austin,2026-07-01,BUCKET,88.0,F,94.3,0.0159,0.004,0.0,YES,-0.024,-0.004,2375.077632
Austin,2026-07-01,BUCKET,90.0,F,94.3,0.0488,0.0215,0.0,YES,-0.0415,-0.0215,14389.88816599999
Austin,2026-07-01,BUCKET,92.0,F,94.3,0.0981,0.235,0.0,NO,0.215,0.235,7409.21199
Austin,2026-07-01,BUCKET,94.0,F,94.3,0.1292,0.345,0.0,NO,0.325,0.345,5741.729933999994
Austin,2026-07-01,BUCKET,96.0,F,94.3,0.1114,0.315,1.0,NO,-0.705,-0.685,7911.720285
Austin,2026-07-01,BUCKET,98.0,F,94.3,0.0629,0.055,0.0,YES,-0.075,-0.055,3807.3816110000002
Austin,2026-07-01,BUCKET,100.0,F,94.3,0.0233,0.005,0.0,YES,-0.025,-0.005,1925.5759570000005
Austin,2026-07-01,BUCKET,102.0,F,94.3,0.0056,0.0025,0.0,YES,-0.0225,-0.0025,3039.6418370000006
Austin,2026-07-01,BUCKET,104.0,F,94.3,0.0009,0.0025,0.0,NO,-0.0175,0.0025,2554.203467
Austin,2026-07-01,GT,106.0,F,94.3,0.0001,0.0015,0.0,NO,-0.0185,0.0015,3931.660797999999
Paris,2026-07-01,LT,22.0,C,24.4,0.1319,0.004,0.0,YES,-0.024,-0.004,8116.377613999999
Paris,2026-07-01,BUCKET,23.0,C,24.4,0.1664,0.0055,0.0,YES,-0.0255,-0.0055,11489.291586000001
Paris,2026-07-01,BUCKET,24.0,C,24.4,0.2252,0.031,0.0,YES,-0.051,-0.031,39568.87641699999
Paris,2026-07-01,BUCKET,25.0,C,24.4,0.2177,0.105,1.0,YES,0.875,0.895,27840.264241999997
Paris,2026-07-01,BUCKET,26.0,C,24.4,0.1504,0.38,0.0,NO,0.36,0.38,24053.776384000004
Paris,2026-07-01,BUCKET,27.0,C,24.4,0.0742,0.425,0.0,NO,0.405,0.425,21516.95921599999
Paris,2026-07-01,BUCKET,28.0,C,24.4,0.0262,0.075,0.0,NO,0.055,0.075,13031.890016000003
Paris,2026-07-01,BUCKET,29.0,C,24.4,0.0066,0.0155,0.0,NO,-0.0045,0.0155,20513.836354
Paris,2026-07-01,BUCKET,30.0,C,24.4,0.0012,0.008,0.0,NO,-0.012,0.008,7666.177383000003
Paris,2026-07-01,BUCKET,31.0,C,24.4,0.0002,0.0045,0.0,NO,-0.0155,0.0045,5323.760301000003
Paris,2026-07-01,GT,32.0,C,24.4,0.0,0.0045,0.0,NO,-0.0155,0.0045,10024.898959
Wellington,2026-07-01,LT,6.0,C,11.2,0.0028,0.0005,0.0,YES,-0.0205,-0.0005,55582.68514000001
Wellington,2026-07-01,BUCKET,7.0,C,11.2,0.0119,0.0015,0.0,YES,-0.0215,-0.0015,15724.9485
Wellington,2026-07-01,BUCKET,8.0,C,11.2,0.0414,0.0035,0.0,YES,-0.0235,-0.0035,24289.249081
Wellington,2026-07-01,BUCKET,9.0,C,11.2,0.1025,0.0045,0.0,YES,-0.0245,-0.0045,33025.34117099999
Wellington,2026-07-01,BUCKET,10.0,C,11.2,0.1816,0.0485,0.0,YES,-0.0685,-0.0485,32976.330870000005
Wellington,2026-07-01,BUCKET,11.0,C,11.2,0.2298,0.195,0.0,YES,-0.215,-0.195,25662.51477099999
Wellington,2026-07-01,BUCKET,12.0,C,11.2,0.2077,0.645,1.0,NO,-0.375,-0.355,18216.481653
Wellington,2026-07-01,BUCKET,13.0,C,11.2,0.1342,0.125,0.0,YES,-0.145,-0.125,17678.166170000008
Wellington,2026-07-01,BUCKET,14.0,C,11.2,0.0619,0.006,0.0,YES,-0.026,-0.006,10803.822336999998
Wellington,2026-07-01,BUCKET,15.0,C,11.2,0.0204,0.002,0.0,YES,-0.022,-0.002,13316.094546
Wellington,2026-07-01,GT,16.0,C,11.2,0.0057,0.002,0.0,YES,-0.022,-0.002,2537.554859
Los Angeles,2026-07-01,LT,59.0,F,74.7,0.0,0.003,0.0,NO,-0.017,0.003,2053.849832
Los Angeles,2026-07-01,BUCKET,60.0,F,74.7,0.0,0.004,0.0,NO,-0.016,0.004,891.665
Los Angeles,2026-07-01,BUCKET,62.0,F,74.7,0.0,0.0065,0.0,NO,-0.0135,0.0065,2268.032042
Los Angeles,2026-07-01,BUCKET,64.0,F,74.7,0.0003,0.0175,0.0,NO,-0.0025,0.0175,3165.8092950000005
Los Angeles,2026-07-01,BUCKET,66.0,F,74.7,0.0024,0.085,0.0,NO,0.065,0.085,10562.740900000004
Los Angeles,2026-07-01,BUCKET,68.0,F,74.7,0.0121,0.485,0.0,NO,0.465,0.485,23528.039149999993
Los Angeles,2026-07-01,BUCKET,70.0,F,74.7,0.0403,0.325,1.0,NO,-0.695,-0.675,16754.302919000016
Los Angeles,2026-07-01,BUCKET,72.0,F,74.7,0.0882,0.048,0.0,YES,-0.068,-0.048,7334.101689999998
Los Angeles,2026-07-01,BUCKET,74.0,F,74.7,0.1265,0.0125,0.0,YES,-0.0325,-0.0125,7362.917358000002
Los Angeles,2026-07-01,BUCKET,76.0,F,74.7,0.1187,0.0065,0.0,YES,-0.0265,-0.0065,1236.3584999999998
Los Angeles,2026-07-01,GT,78.0,F,74.7,0.1801,0.0035,0.0,YES,-0.0235,-0.0035,1084.9154999999998
